datetime,moist
14:26:57,495
14:27:00,502
14:27:03,483
14:27:06,487
14:27:09,470
14:27:12,503
14:27:16,499
14:27:19,505
14:27:22,506
14:27:25,500
14:27:28,462
14:27:31,455
14:27:34,484
14:27:37,491
14:27:40,495
14:27:43,519
14:27:46,559
14:27:49,523
14:27:52,504
14:27:55,517
14:27:58,477
14:28:01,492
14:28:04,498
14:28:07,538
14:28:10,537
14:28:13,507
14:28:16,468
14:28:19,493
14:28:22,525
14:28:25,533
14:28:28,493
14:28:31,519
14:28:34,510
14:28:37,483
14:28:40,519
14:28:43,524
14:28:46,502
14:28:49,514
14:28:52,485
14:28:55,545
14:28:58,495
14:29:01,479
14:29:04,539
14:29:07,505
14:29:10,466
14:29:13,494
14:29:16,515
14:29:19,440
14:29:22,497
14:29:25,550
14:29:28,510
14:29:31,492
14:29:34,546
14:29:37,501
14:29:40,481
14:29:43,496
14:29:46,520
14:29:49,548
14:29:52,509
14:29:55,503
14:29:58,496
14:30:01,536
14:30:04,559
14:30:08,514
14:30:11,492
14:30:14,490
14:30:17,493
14:30:20,515
14:30:23,512
14:30:26,460
14:30:29,488
14:30:32,547
14:30:35,494
14:30:38,492
14:30:41,519
14:30:44,506
14:30:47,504
14:30:50,477
14:30:53,497
14:30:56,549
14:30:59,495
14:31:02,493
14:31:05,524
14:31:08,499
14:31:11,461
14:31:14,501
14:31:17,537
14:31:20,493
14:31:23,492
14:31:26,535
14:31:29,507
14:31:32,453
14:31:35,500
14:31:38,514
14:31:41,486
14:31:44,507
14:31:47,518
14:31:50,435
14:31:53,505
14:31:56,505
14:31:59,480
14:32:02,494
14:32:05,529
14:32:08,485
14:32:11,512
14:32:14,509
14:32:17,493
14:32:20,545
14:32:23,520
14:32:26,487
14:32:29,554
14:32:32,486
14:32:35,481
14:32:38,571
14:32:41,505
14:32:44,492
14:32:47,488
14:32:50,494
14:32:53,566
14:32:56,506
14:32:59,490
14:33:02,490
14:33:06,493
14:33:09,562
14:33:12,501
14:33:15,439
14:33:18,496
14:33:21,543
14:33:24,510
14:33:27,504
14:33:30,484
14:33:33,446
14:33:36,489
14:33:39,489
14:33:42,510
14:33:45,551
14:33:48,509
14:33:51,506
14:33:54,491
14:33:57,530
14:34:00,504
14:34:03,516
14:34:06,493
14:34:09,509
14:34:12,428
14:34:15,534
14:34:18,494
14:34:21,496
14:34:24,504
14:34:27,489
14:34:30,537
14:34:33,476
14:34:36,545
14:34:39,481
14:34:42,507
14:34:45,495
14:34:48,491
14:34:51,507
14:34:54,490
14:34:57,513
14:35:00,484
14:35:03,556
14:35:06,486
14:35:09,491
14:35:12,501
14:35:15,491
14:35:18,507
14:35:21,459
14:35:24,525
14:35:27,480
14:35:30,481
14:35:33,539
14:35:36,499
14:35:39,478
14:35:42,533
14:35:45,510
14:35:48,449
14:35:51,481
14:35:54,521
14:35:58,494
14:36:01,452
14:36:04,494
14:36:07,532
14:36:10,503
14:36:13,454
14:36:16,479
14:36:19,525
14:36:22,513
14:36:25,481
14:36:28,498
14:36:31,547
14:36:34,475
14:36:37,483
14:36:40,492
14:36:43,536
14:36:46,510
14:36:49,503
14:36:52,506
14:36:55,505
14:36:58,501
14:37:01,456
14:37:04,452
14:37:07,493
14:37:10,482
14:37:13,528
14:37:16,541
14:37:19,506
14:37:22,490
14:37:25,466
14:37:28,450
14:37:31,438
14:37:34,485
14:37:37,484
14:37:40,490
14:37:43,485
14:37:46,483
14:37:49,485
14:37:52,471
14:37:55,448
14:37:58,478
14:38:01,480
14:38:04,476
14:38:07,484
14:38:10,487
14:38:13,489
14:38:16,490
14:38:19,485
14:38:22,511
14:38:25,543
14:38:28,545
14:38:31,554
14:38:34,542
14:38:37,499
14:38:40,490
14:38:43,483
14:38:46,474
14:38:49,441
14:38:53,476
14:38:56,493
14:38:59,507
14:39:02,511
14:39:05,551
14:39:08,534
14:39:11,511
14:39:14,499
14:39:17,487
14:39:20,491
14:39:23,460
14:39:26,472
14:39:29,505
14:39:32,500
14:39:35,567
14:39:38,507
14:39:41,493
14:39:44,479
14:39:47,451
14:39:50,477
14:39:53,491
14:39:56,512
14:39:59,476
14:40:02,474
14:40:05,497
14:40:08,480
14:40:11,488
14:40:14,494
14:40:17,466
14:40:20,441
14:40:23,484
14:40:26,498
14:40:29,530
14:40:32,505
14:40:35,477
14:40:38,487
14:40:41,479
14:40:44,521
14:40:47,513
14:40:50,456
14:40:53,484
14:40:56,492
14:40:59,527
14:41:02,537
14:41:05,510
14:41:08,496
14:41:11,451
14:41:14,496
14:41:17,561
14:41:20,487
14:41:23,492
14:41:26,511
14:41:29,507
14:41:32,467
14:41:35,491
14:41:38,527
14:41:41,507
14:41:45,494
14:41:48,491
14:41:51,541
14:41:54,504
14:41:57,488
14:42:00,533
14:42:03,511
14:42:06,455
14:42:09,495
14:42:12,567
14:42:15,480
14:42:18,504
14:42:21,510
14:42:24,462
14:42:27,482
14:42:30,519
14:42:33,483
14:42:36,522
14:42:39,497
14:42:42,487
14:42:45,523
14:42:48,510
14:42:51,462
14:42:54,499
14:42:57,510
14:43:00,511
14:43:03,481
14:43:06,499
14:43:09,514
14:43:12,510
14:43:15,443
14:43:18,480
14:43:21,540
14:43:24,516
14:43:27,471
14:43:30,490
14:43:33,493
14:43:36,545
14:43:39,511
14:43:42,459
14:43:45,498
14:43:48,569
14:43:51,488
14:43:54,490
14:43:57,548
14:44:00,486
14:44:03,499
14:44:06,518
14:44:09,458
14:44:12,506
14:44:15,506
14:44:18,472
14:44:21,521
14:44:24,475
14:44:27,511
14:44:30,518
14:44:33,503
14:44:36,495
14:44:39,482
14:44:43,507
14:44:46,491
14:44:49,517
14:44:52,489
14:44:55,512
14:44:58,488
14:45:01,569
14:45:04,448
14:45:07,527
14:45:10,468
14:45:13,541
14:45:16,479
14:45:19,518
14:45:22,505
14:45:25,492
14:45:28,503
14:45:31,513
14:45:34,480
14:45:37,492
14:45:40,530
14:45:43,516
14:45:46,504
14:45:49,488
14:45:52,458
14:45:55,490
14:45:58,494
14:46:01,498
14:46:04,499
14:46:07,512
14:46:10,498
14:46:13,500
14:46:16,527
14:46:19,543
14:46:22,550
14:46:25,515
14:46:28,510
14:46:31,530
14:46:34,528
14:46:37,515
14:46:40,505
14:46:43,493
14:46:46,445
14:46:49,485
14:46:52,502
14:46:55,521
14:46:58,519
14:47:01,496
14:47:04,485
14:47:07,469
14:47:10,453
14:47:13,502
14:47:16,495
14:47:19,504
14:47:22,507
14:47:25,510
14:47:28,512
14:47:31,509
14:47:35,509
14:47:38,510
14:47:41,512
14:47:44,509
14:47:47,510
14:47:50,512
14:47:53,516
14:47:56,566
14:47:59,528
14:48:02,508
14:48:05,498
14:48:08,503
14:48:11,560
14:48:14,573
14:48:17,513
14:48:20,484
14:48:23,492
14:48:26,499
14:48:29,515
14:48:32,458
14:48:35,507
14:48:38,509
14:48:41,498
14:48:44,479
14:48:47,513
14:48:50,523
14:48:53,521
14:48:56,494
14:48:59,516
14:49:02,559
14:49:05,513
14:49:08,492
14:49:11,443
14:49:14,503
14:49:17,507
14:49:20,575
14:49:23,505
14:49:26,524
14:49:29,454
14:49:32,493
14:49:35,505
14:49:38,552
14:49:41,562
14:49:44,579
14:49:47,558
14:49:50,555
14:49:53,519
14:49:56,513
14:49:59,509
14:50:02,515
14:50:05,515
14:50:08,514
14:50:11,516
14:50:14,515
14:50:17,517
14:50:20,517
14:50:23,547
14:50:26,520
14:50:29,516
14:50:33,515
14:50:36,515
14:50:39,518
14:50:42,517
14:50:45,512
14:50:48,513
14:50:51,516
14:50:54,515
14:50:57,520
14:51:00,514
14:51:03,514
14:51:06,517
14:51:09,586
14:51:12,552
14:51:15,558
14:51:18,537
14:51:21,564
14:51:24,519
14:51:27,517
14:51:30,514
14:51:33,512
14:51:36,516
14:51:39,490
14:51:42,473
14:51:45,505
14:51:48,530
14:51:51,542
14:51:54,510
14:51:57,487
14:52:00,498
14:52:03,477
14:52:06,527
14:52:09,491
14:52:12,464
14:52:15,482
14:52:18,486
14:52:21,521
14:52:24,576
14:52:27,545
14:52:30,516
14:52:33,511
14:52:36,494
14:52:39,526
14:52:42,522
14:52:45,514
14:52:48,504
14:52:51,510
14:52:54,515
14:52:57,498
14:53:00,529
14:53:03,509
14:53:06,518
14:53:09,553
14:53:12,515
14:53:15,501
14:53:18,448
14:53:22,512
14:53:25,522
14:53:28,576
14:53:31,503
14:53:34,460
14:53:37,519
14:53:40,517
14:53:43,568
14:53:46,529
14:53:49,493
14:53:52,465
14:53:55,517
14:53:58,547
14:54:01,513
14:54:04,498
14:54:07,460
14:54:10,494
14:54:13,505
14:54:16,507
14:54:19,459
14:54:22,485
14:54:25,514
14:54:28,584
14:54:31,513
14:54:34,480
14:54:37,530
14:54:40,519
14:54:43,453
14:54:46,501
14:54:49,522
14:54:52,524
14:54:55,503
14:54:58,490
14:55:01,512
14:55:04,551
14:55:07,546
14:55:10,514
14:55:13,472
14:55:16,496
14:55:19,546
14:55:22,563
14:55:25,478
14:55:28,509
14:55:31,539
14:55:34,482
14:55:37,497
14:55:40,507
14:55:43,544
14:55:46,519
14:55:49,522
14:55:52,452
14:55:55,495
14:55:58,503
14:56:01,556
14:56:04,527
14:56:07,507
14:56:10,495
14:56:13,501
14:56:16,521
14:56:20,502
14:56:23,461
14:56:26,503
14:56:29,520
14:56:32,551
14:56:35,508
14:56:38,454
14:56:41,498
14:56:44,543
14:56:47,524
14:56:50,472
14:56:53,502
14:56:56,567
14:56:59,562
14:57:02,517
14:57:05,499
14:57:08,472
14:57:11,503
14:57:14,532
14:57:17,541
14:57:20,580
14:57:23,531
14:57:26,526
14:57:29,525
14:57:32,509
14:57:35,470
14:57:38,428
14:57:41,500
14:57:44,499
14:57:47,482
14:57:50,508
14:57:53,509
14:57:56,506
14:57:59,500
14:58:02,443
14:58:05,506
14:58:08,515
14:58:11,558
14:58:14,532
14:58:17,507
14:58:20,500
14:58:23,484
14:58:26,506
14:58:29,508
14:58:32,523
14:58:35,570
14:58:38,542
14:58:41,496
14:58:44,528
14:58:47,521
14:58:50,547
14:58:53,520
14:58:56,503
14:58:59,497
14:59:02,452
14:59:05,515
14:59:08,528
14:59:12,523
14:59:15,527
14:59:18,511
14:59:21,523
14:59:24,469
14:59:27,461
14:59:30,504
14:59:33,510
14:59:36,543
14:59:39,528
14:59:42,485
14:59:45,507
14:59:48,548
14:59:51,526
14:59:54,496
14:59:57,498
15:00:00,519
15:00:03,469
15:00:06,514
15:00:09,519
15:00:12,467
15:00:15,516
15:00:18,521
15:00:21,468
15:00:24,495
15:00:27,548
15:00:30,515
15:00:33,483
15:00:36,548
15:00:39,503
15:00:42,508
15:00:45,462
15:00:48,503
15:00:51,545
15:00:54,515
15:00:57,496
15:01:00,491
15:01:03,519
15:01:06,523
15:01:09,494
15:01:12,555
15:01:15,465
15:01:18,521
15:01:21,519
15:01:24,501
15:01:27,556
15:01:30,472
15:01:33,498
15:01:36,511
15:01:39,539
15:01:42,506
15:01:45,471
15:01:48,512
15:01:51,516
15:01:54,509
15:01:57,500
15:02:00,518
15:02:04,509
15:02:07,504
15:02:10,505
15:02:13,513
15:02:16,518
15:02:19,531
15:02:22,511
15:02:25,523
15:02:28,530
15:02:31,521
15:02:34,523
15:02:37,505
15:02:40,515
15:02:43,535
15:02:46,514
15:02:49,510
15:02:52,528
15:02:55,523
15:02:58,510
15:03:01,518
15:03:04,524
15:03:07,516
15:03:10,523
15:03:13,531
15:03:16,511
15:03:19,514
15:03:22,530
15:03:25,503
15:03:28,529
15:03:31,545
15:03:34,516
15:03:37,531
15:03:40,532
15:03:43,521
15:03:46,528
15:03:49,511
15:03:52,513
15:03:55,530
15:03:58,526
15:04:01,537
15:04:04,529
15:04:07,523
15:04:10,512
15:04:13,516
15:04:16,524
15:04:19,534
15:04:22,519
15:04:25,535
15:04:28,505
15:04:31,533
15:04:34,523
15:04:37,533
15:04:40,511
15:04:43,517
15:04:46,523
15:04:49,540
15:04:52,522
15:04:55,515
15:04:59,534
15:05:02,518
15:05:05,537
15:05:08,523
15:05:11,535
15:05:14,517
15:05:17,527
15:05:20,540
15:05:23,520
15:05:26,518
15:05:29,529
15:05:32,519
15:05:35,526
15:05:38,533
15:05:41,496
15:05:44,545
15:05:47,516
15:05:50,533
15:05:53,520
15:05:56,540
15:05:59,540
15:06:02,521
15:06:05,538
15:06:08,526
15:06:11,517
15:06:14,542
15:06:17,532
15:06:20,522
15:06:23,521
15:06:26,529
15:06:29,526
15:06:32,531
15:06:35,521
15:06:38,538
15:06:41,531
15:06:44,494
15:06:47,537
15:06:50,521
15:06:53,507
15:06:56,533
15:06:59,507
15:07:02,515
15:07:05,523
15:07:08,505
15:07:11,520
15:07:14,511
15:07:17,409
15:07:20,510
15:07:23,499
15:07:26,516
15:07:29,524
15:07:32,507
15:07:35,514
15:07:38,526
15:07:41,504
15:07:44,436
15:07:47,453
15:07:51,447
15:07:54,448
15:07:57,438
15:08:00,431
15:08:03,440
15:08:06,409
15:08:09,439
15:08:12,440
15:08:15,440
15:08:18,435
15:08:21,437
15:08:24,444
15:08:27,376
15:08:30,406
15:08:33,414
15:08:36,426
15:08:39,431
15:08:42,418
15:08:45,409
15:08:48,397
15:08:51,411
15:08:54,414
15:08:57,407
15:09:00,389
15:09:03,396
15:09:06,384
15:09:09,456
15:09:12,496
15:09:15,489
15:09:18,470
15:09:21,446
15:09:24,436
15:09:27,444
15:09:30,449
15:09:33,429
15:09:36,457
15:09:39,418
15:09:42,407
15:09:45,418
15:09:48,417
15:09:51,422
15:09:54,440
15:09:57,430
15:10:00,429
15:10:03,406
15:10:06,413
15:10:09,429
15:10:12,439
15:10:15,424
15:10:18,444
15:10:21,447
15:10:24,444
15:10:27,412
15:10:30,433
15:10:33,439
15:10:36,431
15:10:39,391
15:10:43,425
15:10:46,418
15:10:49,415
15:10:52,441
15:10:55,353
15:10:58,274
15:11:01,281
15:11:04,250
15:11:07,229
15:11:10,231
15:11:13,256
15:11:16,227
15:11:19,229
15:11:22,234
15:11:25,228
15:11:28,218
15:11:31,344
15:11:34,315
15:11:37,249
15:11:40,242
15:11:43,297
15:11:46,254
15:11:49,273
15:11:52,322
15:11:55,270
15:11:58,281
15:12:01,271
15:12:04,298
15:12:07,200
15:12:10,273
15:12:13,115
15:12:16,126
15:12:19,135
15:12:22,95
15:12:25,318
15:12:28,329
15:12:31,349
15:12:34,321
15:12:37,326
15:12:40,343
15:12:43,304
15:12:46,289
15:12:49,310
15:12:52,331
15:12:55,307
15:12:58,351
15:13:01,319
15:13:04,335
15:13:07,276
15:13:10,340
15:13:13,326
15:13:16,330
15:13:19,310
15:13:22,318
15:13:25,316
15:13:28,333
15:13:32,329
15:13:35,306
15:13:38,311
15:13:41,307
15:13:44,299
15:13:47,303
15:13:50,283
15:13:53,329
15:13:56,326
15:13:59,319
15:14:02,326
15:14:05,336
15:14:08,320
15:14:11,340
15:14:14,330
15:14:17,335
15:14:20,326
15:14:23,304
15:14:26,313
15:14:29,297
15:14:32,307
15:14:35,311
15:14:38,307
15:14:41,312
15:14:44,302
15:14:47,324
15:14:50,315
15:14:53,328
15:14:56,302
15:14:59,337
15:15:02,298
15:15:05,284
15:15:08,316
15:15:11,304
15:15:14,324
15:15:17,308
15:15:20,276
15:15:23,328
15:15:26,321
15:15:29,288
15:15:32,322
15:15:35,302
15:15:38,312
15:15:41,324
15:15:44,318
15:15:47,298
15:15:50,314
15:15:53,326
15:15:56,300
15:15:59,305
15:16:02,325
15:16:05,290
15:16:08,307
15:16:11,314
15:16:14,317
15:16:17,325
15:16:21,300
15:16:24,298
15:16:27,286
15:16:30,302
15:16:33,333
15:16:36,295
15:16:39,325
15:16:42,298
15:16:45,307
15:16:48,330
15:16:51,296
15:16:54,293
15:16:57,328
15:17:00,313
15:17:03,290
15:17:06,314
15:17:09,290
15:17:12,328
15:17:15,287
15:17:18,309
15:17:21,309
15:17:24,327
15:17:27,315
15:17:30,331
15:17:33,235
15:17:36,297
15:17:39,324
15:17:42,295
15:17:45,301
15:17:48,296
15:17:51,298
15:17:54,304
15:17:57,336
15:18:00,312
15:18:03,325
15:18:06,330
15:18:09,316
15:18:12,314
15:18:15,313
15:18:18,303
15:18:21,319
15:18:24,316
15:18:27,323
15:18:30,319
15:18:33,326
15:18:36,327
15:18:39,341
15:18:42,321
15:18:45,313
15:18:48,314
15:18:51,288
15:18:54,243
15:18:57,329
15:19:00,308
15:19:03,293
15:19:07,321
15:19:10,273
15:19:13,300
15:19:16,280
15:19:19,301
15:19:22,300
15:19:25,271
15:19:28,280
15:19:31,273
15:19:34,265
15:19:37,281
15:19:40,259
15:19:43,285
15:19:46,269
15:19:49,251
15:19:52,285
15:19:55,261
15:19:58,285
15:20:01,251
15:20:04,243
15:20:07,285
15:20:10,262
15:20:13,245
15:20:16,254
15:20:19,245
15:20:22,281
15:20:25,245
15:20:28,271
15:20:31,223
15:20:34,224
15:20:37,291
15:20:40,253
15:20:43,241
15:20:46,228
15:20:49,231
15:20:52,244
15:20:55,261
15:20:58,220
15:21:01,266
15:21:04,235
15:21:07,262
15:21:10,243
15:21:13,227
15:21:16,240
15:21:19,256
15:21:22,192
15:21:25,271
15:21:28,235
15:21:31,242
15:21:34,255
15:21:37,210
15:21:40,237
15:21:43,263
15:21:46,159
15:21:49,189
15:21:53,255
15:21:56,251
15:21:59,202
15:22:02,241
15:22:05,244
15:22:08,211
15:22:11,250
15:22:14,231
15:22:17,243
15:22:20,206
15:22:23,231
15:22:26,249
15:22:29,201
15:22:32,268
15:22:35,221
15:22:38,241
15:22:41,202
15:22:44,216
15:22:47,239
15:22:50,140
15:22:53,248
15:22:56,225
15:22:59,242
15:23:02,246
15:23:05,205
15:23:08,244
15:23:11,216
15:23:14,216
15:23:17,219
15:23:20,221
15:23:23,190
15:23:26,246
15:23:29,201
15:23:32,175
15:23:35,228
15:23:38,119
15:23:41,227
15:23:44,234
15:23:47,212
15:23:50,193
15:23:53,218
15:23:56,237
15:23:59,197
15:24:02,207
15:24:05,205
15:24:08,240
15:24:11,217
15:24:14,194
15:24:17,172
15:24:20,212
15:24:23,235
15:24:26,201
15:24:29,226
15:24:32,233
15:24:35,228
15:24:39,220
15:24:42,213
15:24:45,202
15:24:48,215
15:24:51,179
15:24:54,187
15:24:57,189
15:25:00,190
15:25:03,236
15:25:06,234
15:25:09,233
15:25:12,208
15:25:15,201
15:25:18,195
15:25:21,220
15:25:24,178
15:25:27,221
15:25:30,222
15:25:33,181
15:25:36,205
15:25:39,189
15:25:42,168
15:25:45,222
15:25:48,217
15:25:51,180
15:25:54,223
15:25:57,190
15:26:00,197
15:26:03,175
15:26:06,207
15:26:09,215
15:26:12,175
15:26:15,204
15:26:18,216
15:26:21,176
15:26:24,210
15:26:27,42
15:26:30,128
15:26:33,43
15:26:36,320
15:26:39,268
15:26:42,306
15:26:45,294
15:26:48,310
15:26:51,317
15:26:54,310
15:26:57,281
15:27:00,308
15:27:03,302
15:27:06,305
15:27:09,266
15:27:12,300
15:27:15,303
15:27:18,283
15:27:21,287
15:27:24,296
15:27:28,245
15:27:31,297
15:27:34,291
15:27:37,270
15:27:40,288
15:27:43,273
15:27:46,284
15:27:49,256
15:27:52,238
15:27:55,267
15:27:58,263
15:28:01,288
15:28:04,286
15:28:07,271
15:28:10,268
15:28:13,279
15:28:16,254
15:28:19,258
15:28:22,278
15:28:25,274
15:28:28,252
15:28:31,263
15:28:34,254
15:28:37,273
15:28:40,271
15:28:43,264
15:28:46,249
15:28:49,258
15:28:52,263
15:28:55,263
15:28:58,266
15:29:01,243
15:29:04,253
15:29:07,253
15:29:10,254
15:29:13,262
15:29:16,262
15:29:19,259
15:29:22,259
15:29:25,249
15:29:28,233
15:29:31,238
15:29:34,261
15:29:37,243
15:29:40,234
15:29:43,236
15:29:46,254
15:29:49,238
15:29:52,238
15:29:55,220
15:29:58,227
15:30:01,254
15:30:04,243
15:30:07,231
15:30:10,249
15:30:13,240
15:30:17,227
15:30:20,252
15:30:23,238
15:30:26,224
15:30:29,237
15:30:32,220
15:30:35,222
15:30:38,231
15:30:41,244
15:30:44,243
15:30:47,225
15:30:50,229
15:30:53,239
15:30:56,219
15:30:59,230
15:31:02,240
15:31:05,221
15:31:08,235
15:31:11,237
15:31:14,215
15:31:17,231
15:31:20,237
15:31:23,233
15:31:26,224
15:31:29,220
15:31:32,234
15:31:35,172
15:31:38,194
15:31:41,232
15:31:44,220
15:31:47,223
15:31:50,214
15:31:53,239
15:31:56,220
15:31:59,227
15:32:02,210
15:32:05,215
15:32:08,177
15:32:11,215
15:32:14,219
15:32:17,217
15:32:20,218
15:32:23,200
15:32:26,206
15:32:29,221
15:32:32,220
15:32:35,210
15:32:38,201
15:32:41,433
15:32:44,517
15:32:47,585
15:32:50,562
15:32:53,553
15:32:56,599
15:32:59,594
15:33:03,589
15:33:06,583
15:33:09,574
15:33:12,565
15:33:15,558
15:33:18,552
15:33:21,541
15:33:24,542
15:33:27,543
15:33:30,546
15:33:33,551
15:33:36,553
15:33:39,556
15:33:42,559
15:33:45,551
15:33:48,547
15:33:51,567
15:33:54,559
15:33:57,554
15:34:00,559
15:34:03,553
15:34:06,554
15:34:09,549
15:34:12,549
15:34:15,549
15:34:18,547
15:34:21,550
15:34:24,561
15:34:27,559
15:34:30,555
15:34:33,553
15:34:36,548
15:34:39,554
15:34:42,528
15:34:45,570
15:34:48,555
15:34:51,531
15:34:54,561
15:34:57,554
15:35:00,545
15:35:03,560
15:35:06,548
15:35:09,555
15:35:12,560
15:35:15,547
15:35:18,560
15:35:21,551
15:35:24,547
15:35:27,555
15:35:30,548
15:35:33,555
15:35:36,546
15:35:39,545
15:35:42,548
15:35:45,557
15:35:48,550
15:35:52,564
15:35:55,544
15:35:58,568
15:36:01,555
15:36:04,558
15:36:07,557
15:36:10,552
15:36:13,554
15:36:16,555
15:36:19,551
15:36:22,555
15:36:25,558
15:36:28,554
15:36:31,554
15:36:34,561
15:36:37,561
15:36:40,557
15:36:43,548
15:36:46,539
15:36:49,554
15:36:52,559
15:36:55,556
15:36:58,554
15:37:01,545
15:37:04,544
15:37:07,549
15:37:10,556
15:37:13,564
15:37:16,541
15:37:19,560
15:37:22,584
15:37:25,560
15:37:28,546
15:37:31,546
15:37:34,558
15:37:37,562
15:37:40,573
15:37:43,562
15:37:46,555
15:37:49,554
15:37:52,555
15:37:55,561
15:37:58,564
15:38:01,574
15:38:04,559
15:38:07,560
15:38:10,556
15:38:13,534
15:38:16,544
15:38:19,550
15:38:22,561
15:38:25,561
15:38:28,567
15:38:31,567
15:38:34,563
15:38:37,561
15:38:40,564
15:38:44,557
15:38:47,546
15:38:50,559
15:38:53,562
15:38:56,565
15:38:59,574
15:39:02,562
15:39:05,562
15:39:08,560
15:39:11,539
15:39:14,558
15:39:17,565
15:39:20,565
15:39:23,586
15:39:26,568
15:39:29,565
15:39:32,563
15:39:35,534
15:39:38,556
15:39:41,569
15:39:44,558
15:39:47,565
15:39:50,568
15:39:53,564
15:39:56,551
15:39:59,553
15:40:02,559
15:40:05,566
15:40:08,568
15:40:11,567
15:40:14,576
15:40:17,557
15:40:20,564
15:40:23,540
15:40:26,534
15:40:29,563
15:40:32,569
15:40:35,562
15:40:38,569
15:40:41,566
15:40:44,566
15:40:47,583
15:40:50,579
15:40:53,571
15:40:56,573
15:40:59,569
15:41:02,567
15:41:05,546
15:41:08,547
15:41:11,561
15:41:14,567
15:41:17,572
15:41:20,571
15:41:23,555
15:41:26,567
15:41:29,582
15:41:33,566
15:41:36,565
15:41:39,552
15:41:42,566
15:41:45,576
15:41:48,571
15:41:51,547
15:41:54,559
15:41:57,572
15:42:00,578
15:42:03,569
15:42:06,549
15:42:09,571
15:42:12,572
15:42:15,569
15:42:18,547
15:42:21,571
15:42:24,577
15:42:27,568
15:42:30,567
15:42:33,564
15:42:36,549
15:42:39,565
15:42:42,571
15:42:45,572
15:42:48,564
15:42:51,578
15:42:54,583
15:42:57,584
15:43:00,585
15:43:03,581
15:43:06,579
15:43:09,581
15:43:12,580
15:43:15,581
15:43:18,576
15:43:21,582
15:43:24,575
15:43:27,572
15:43:30,570
15:43:33,561
15:43:36,566
15:43:39,585
15:43:42,571
15:43:45,549
15:43:48,579
15:43:51,580
15:43:54,580
15:43:57,571
15:44:00,575
15:44:03,545
15:44:06,578
15:44:09,565
15:44:12,587
15:44:15,566
15:44:18,581
15:44:22,582
15:44:25,570
15:44:28,572
15:44:31,569
15:44:34,566
15:44:37,574
15:44:40,576
15:44:43,548
15:44:46,574
15:44:49,576
15:44:52,579
15:44:55,594
15:44:58,554
15:45:01,589
15:45:04,586
15:45:07,569
15:45:10,585
15:45:13,568
15:45:16,576
15:45:19,574
15:45:22,578
15:45:25,585
15:45:28,574
15:45:31,577
15:45:34,580
15:45:37,550
15:45:40,583
15:45:43,584
15:45:46,578
15:45:49,582
15:45:52,556
15:45:55,572
15:45:58,568
15:46:01,572
15:46:04,581
15:46:07,556
15:46:10,599
15:46:13,561
15:46:16,573
15:46:19,575
15:46:22,582
15:46:25,578
15:46:28,581
15:46:31,584
15:46:34,554
15:46:37,586
15:46:40,566
15:46:43,582
15:46:46,595
15:46:49,590
15:46:52,575
15:46:55,588
15:46:58,584
15:47:01,561
15:47:04,566
15:47:07,571
15:47:10,565
15:47:13,577
15:47:17,584
15:47:20,565
15:47:23,587
15:47:26,581
15:47:29,585
15:47:32,573
15:47:35,561
15:47:38,581
15:47:41,584
15:47:44,564
15:47:47,580
15:47:50,595
15:47:53,599
15:47:56,583
15:47:59,584
15:48:02,580
15:48:05,554
15:48:08,584
15:48:11,585
15:48:14,588
15:48:17,585
15:48:20,585
15:48:23,585
15:48:26,579
15:48:29,576
15:48:32,555
15:48:35,578
15:48:38,585
15:48:41,586
15:48:44,591
15:48:47,593
15:48:50,601
15:48:53,603
15:48:56,592
15:48:59,586
15:49:02,586
15:49:05,604
15:49:08,592
15:49:11,593
15:49:14,595
15:49:17,604
15:49:20,585
15:49:23,601
15:49:26,590
15:49:29,590
15:49:32,577
15:49:35,585
15:49:38,599
15:49:41,605
15:49:44,579
15:49:47,591
15:49:50,604
15:49:53,575
15:49:56,584
15:49:59,594
15:50:02,572
15:50:06,585
15:50:09,588
15:50:12,569
15:50:15,600
15:50:18,583
15:50:21,586
15:50:24,587
15:50:27,599
15:50:30,591
15:50:33,589
15:50:36,594
15:50:39,594
15:50:42,599
15:50:45,569
15:50:48,603
15:50:51,569
15:50:54,608
15:50:57,591
15:51:00,595
15:51:03,593
15:51:06,595
15:51:09,578
15:51:12,595
15:51:15,600
15:51:18,586
15:51:21,596
15:51:24,605
15:51:27,575
15:51:30,611
15:51:33,593
15:51:36,589
15:51:39,600
15:51:42,597
15:51:45,591
15:51:48,578
15:51:51,574
15:51:54,591
15:51:57,597
15:52:00,592
15:52:03,608
15:52:06,585
15:52:09,595
15:52:12,589
15:52:15,597
15:52:18,615
15:52:21,597
15:52:24,577
15:52:27,595
15:52:30,592
15:52:33,602
15:52:36,592
15:52:39,571
15:52:42,598
15:52:45,593
15:52:48,613
15:52:51,603
15:52:54,599
15:52:58,591
15:53:01,583
15:53:04,600
15:53:07,600
15:53:10,613
15:53:13,597
15:53:16,573
15:53:19,600
15:53:22,602
15:53:25,592
15:53:28,603
15:53:31,600
15:53:34,600
15:53:37,573
15:53:40,598
15:53:43,591
15:53:46,612
15:53:49,597
15:53:52,603
15:53:44,603
15:53:47,600
15:53:50,604
15:53:53,601
15:53:56,601
15:53:59,601
15:54:02,601
15:54:05,588
15:54:08,593
15:54:11,578
15:54:14,596
15:54:17,600
15:54:20,602
15:54:23,609
15:54:26,604
15:54:29,595
15:54:32,578
15:54:35,593
15:54:38,604
15:54:41,605
15:54:44,609
15:54:47,606
15:54:50,586
15:54:53,596
15:54:57,607
15:55:00,614
15:55:03,607
15:55:06,598
15:55:09,623
15:55:12,605
15:55:15,606
15:55:18,613
15:55:21,592
15:55:24,609
15:55:27,617
15:55:30,597
15:55:33,602
15:55:36,631
15:55:39,596
15:55:42,595
15:55:45,605
15:55:48,582
15:55:51,585
15:55:54,597
15:55:57,595
15:56:00,602
15:56:03,588
15:56:06,589
15:56:09,598
15:56:12,596
15:56:15,599
15:56:18,601
15:56:21,606
15:56:24,606
15:56:27,599
15:56:30,597
15:56:33,593
15:56:36,602
15:56:39,595
15:56:42,587
15:56:45,593
15:56:48,578
15:56:51,578
15:56:54,596
15:56:57,601
15:57:00,603
15:57:03,599
15:57:06,581
15:57:09,598
15:57:12,597
15:57:15,570
15:57:18,603
15:57:21,610
15:57:24,572
15:57:27,602
15:57:30,588
15:57:33,599
15:57:36,585
15:57:39,610
15:57:42,592
15:57:45,600
15:57:49,595
15:57:52,590
15:57:55,600
15:57:58,591
15:58:01,600
15:58:04,598
15:58:07,596
15:58:10,594
15:58:13,609
15:58:16,582
15:58:19,606
15:58:22,597
15:58:25,578
15:58:28,599
15:58:31,598
15:58:34,594
15:58:37,600
15:58:40,594
15:58:43,600
15:58:46,596
15:58:49,579
15:58:52,602
15:58:55,601
15:58:58,599
15:59:01,603
15:59:04,603
15:59:07,593
15:59:10,605
15:59:13,606
15:59:16,602
15:59:19,607
15:59:22,611
15:59:25,604
15:59:28,608
15:59:31,593
15:59:34,585
15:59:37,596
15:59:40,598
15:59:43,601
15:59:46,609
15:59:49,605
15:59:52,581
15:59:55,603
15:59:58,601
16:00:01,607
16:00:04,620
16:00:07,599
16:00:10,615
16:00:13,588
16:00:16,599
16:00:19,582
16:00:22,589
16:00:25,599
16:00:28,600
16:00:31,598
16:00:34,592
16:00:37,593
16:00:41,589
16:00:44,577
16:00:47,593
16:00:50,597
16:00:53,605
16:00:56,604
16:00:59,608
16:01:02,603
16:01:05,596
16:01:08,586
16:01:11,601
16:01:14,608
16:01:17,601
16:01:20,598
16:01:23,602
16:01:26,608
16:01:29,581
16:01:32,602
16:01:35,604
16:01:38,615
16:01:41,610
16:01:44,603
16:01:47,595
16:01:50,600
16:01:53,605
16:01:56,603
16:01:59,593
16:02:02,597
16:02:05,604
16:02:08,601
16:02:11,607
16:02:14,603
16:02:17,607
16:02:20,603
16:02:23,611
16:02:26,628
16:02:29,615
16:02:32,603
16:02:35,607
16:02:38,612
16:02:41,606
16:02:44,605
16:02:47,607
16:02:50,605
16:02:53,613
16:02:56,604
16:02:59,608
16:03:02,610
16:03:05,607
16:03:08,608
16:03:11,591
16:03:14,611
16:03:17,610
16:03:20,605
16:03:23,609
16:03:26,606
16:03:29,605
16:03:33,603
16:03:36,610
16:03:39,605
16:03:42,589
16:03:45,592
16:03:48,597
16:03:51,604
16:03:54,602
16:03:57,596
16:04:00,596
16:04:03,607
16:04:06,591
16:04:09,604
16:04:12,612
16:04:15,620
16:04:18,606
16:04:21,611
16:04:24,607
16:04:27,612
16:04:30,603
16:04:33,605
16:04:36,605
16:04:39,607
16:04:42,609
16:04:45,607
16:04:48,606
16:04:51,607
16:04:54,608
16:04:57,608
16:05:00,612
16:05:03,607
16:05:06,605
16:05:09,609
16:05:12,607
16:05:15,603
16:05:18,600
16:05:21,602
16:05:24,605
16:05:27,607
16:05:30,606
16:05:33,607
16:05:36,608
16:05:39,599
16:05:42,606
16:05:45,607
16:05:48,604
16:05:51,608
16:05:54,608
16:05:57,611
16:06:00,614
16:06:03,609
16:06:06,615
16:06:09,613
16:06:12,614
16:06:15,615
16:06:18,612
16:06:21,614
16:06:25,612
16:06:28,613
16:06:31,613
16:06:34,614
16:06:37,617
16:06:40,615
16:06:43,612
16:06:46,612
16:06:49,614
16:06:52,613
16:06:55,615
16:06:58,613
16:07:01,610
16:07:04,610
16:07:07,609
16:07:10,613
16:07:13,608
16:07:16,621
16:07:19,142
16:07:22,0
16:07:25,385
16:07:28,629
16:07:31,612
16:07:34,594
16:07:37,588
16:07:40,587
16:07:43,588
16:07:46,595
16:07:49,588
16:07:52,588
16:07:55,583
16:07:58,588
16:08:01,589
16:08:04,587
16:08:07,596
16:08:10,582
16:08:13,587
16:08:16,590
16:08:19,587
16:08:22,590
16:08:25,591
16:08:28,590
16:08:31,590
16:08:34,589
16:08:37,593
16:08:40,590
16:08:43,593
16:08:46,588
16:08:49,590
16:08:52,594
16:08:55,588
16:08:58,591
16:09:01,591
16:09:04,593
16:09:07,592
16:09:10,591
16:09:13,599
16:09:17,592
16:09:20,593
16:09:23,590
16:09:26,596
16:09:29,596
16:09:32,595
16:09:35,595
16:09:38,594
16:09:41,596
16:09:44,592
16:09:47,590
16:09:50,594
16:09:53,592
16:09:56,594
16:09:59,596
16:10:02,595
16:10:05,593
16:10:08,594
16:10:11,595
16:10:14,590
16:10:17,596
16:10:20,592
16:10:23,594
16:10:26,595
16:10:29,591
16:10:32,591
16:10:35,594
16:10:38,594
16:10:41,591
16:10:44,598
16:10:47,604
16:10:50,597
16:10:53,594
16:10:56,598
16:10:59,595
16:11:02,601
16:11:05,591
16:11:08,596
16:11:11,595
16:11:14,599
16:11:17,597
16:11:20,593
16:11:23,596
16:11:26,596
16:11:29,597
16:11:32,598
16:11:35,597
16:11:38,595
16:11:41,599
16:11:44,594
16:11:47,594
16:11:50,593
16:11:53,592
16:11:56,596
16:11:59,596
16:12:02,599
16:12:06,599
16:12:09,597
16:12:12,597
16:12:15,598
16:12:18,598
16:12:21,598
16:12:24,593
16:12:27,599
16:12:30,600
16:12:33,600
16:12:36,596
16:12:39,598
16:12:42,595
16:12:45,597
16:12:48,598
16:12:51,597
16:12:54,597
16:12:57,597
16:13:00,603
16:13:03,599
16:13:06,600
16:13:09,598
16:13:12,597
16:13:15,597
16:13:18,599
16:13:21,599
16:13:24,595
16:13:27,593
16:13:30,591
16:13:33,596
16:13:36,600
16:13:39,600
16:13:42,600
16:13:45,600
16:13:48,599
16:13:51,599
16:13:54,603
16:13:57,601
16:14:00,593
16:14:03,600
16:14:06,598
16:14:09,601
16:14:12,598
16:14:15,601
16:14:18,604
16:14:21,597
16:14:24,600
16:14:27,603
16:14:30,601
16:14:33,603
16:14:36,601
16:14:39,603
16:14:42,601
16:14:45,599
16:14:48,603
16:14:52,601
16:14:55,601
16:14:58,601
16:15:01,601
16:15:04,599
16:15:07,595
16:15:10,602
16:15:13,599
16:15:16,600
16:15:19,603
16:15:22,598
16:15:25,601
16:15:28,601
16:15:31,603
16:15:34,598
16:15:37,600
16:15:40,601
16:15:43,596
16:15:46,602
16:15:49,605
16:15:52,601
16:15:55,606
16:15:58,600
16:16:01,600
16:16:04,600
16:16:07,602
16:16:10,605
16:16:13,601
16:16:16,599
16:16:19,601
16:16:22,602
16:16:25,606
16:16:28,602
16:16:31,603
16:16:34,600
16:16:37,601
16:16:40,603
16:16:43,603
16:16:46,602
16:16:49,605
16:16:52,604
16:16:55,598
16:16:58,602
16:17:01,604
16:17:04,600
16:17:07,603
16:17:10,601
16:17:13,603
16:17:16,599
16:17:19,600
16:17:22,597
16:17:25,604
16:17:28,588
16:17:31,602
16:17:34,600
16:17:37,603
16:17:41,602
16:17:44,600
16:17:47,603
16:17:50,603
16:17:53,602
16:17:56,603
16:17:59,602
16:18:02,603
16:18:05,605
16:18:08,599
16:18:11,595
16:18:14,601
16:18:17,601
16:18:20,599
16:18:23,600
16:18:26,602
16:18:29,603
16:18:32,604
16:18:35,603
16:18:38,603
16:18:41,601
16:18:44,604
16:18:47,608
16:18:50,603
16:18:53,602
16:18:56,597
16:18:59,602
16:19:02,607
16:19:05,602
16:19:08,603
16:19:11,602
16:19:14,600
16:19:17,603
16:19:20,602
16:19:23,605
16:19:26,601
16:19:29,602
16:19:32,602
16:19:35,604
16:19:38,601
16:19:41,602
16:19:44,604
16:19:47,604
16:19:50,601
16:19:53,596
16:19:56,596
16:19:59,596
16:20:02,600
16:20:05,602
16:20:08,602
16:20:11,599
16:20:14,600
16:20:17,600
16:20:20,602
16:20:23,597
16:20:27,598
16:20:30,601
16:20:33,599
16:20:36,600
16:20:39,601
16:20:42,598
16:20:45,599
16:20:48,596
16:20:51,598
16:20:54,600
16:20:57,601
16:21:00,599
16:21:03,599
16:21:06,600
16:21:09,598
16:21:12,607
16:21:15,598
16:21:18,598
16:21:21,604
16:21:24,597
16:21:27,595
16:21:30,599
16:21:33,599
16:21:36,599
16:21:39,599
16:21:42,601
16:21:45,598
16:21:48,597
16:21:51,607
16:21:54,596
16:21:57,599
16:22:00,600
16:22:03,597
16:22:06,600
16:22:09,598
16:22:12,599
16:22:15,598
16:22:18,599
16:22:21,601
16:22:24,599
16:22:27,597
16:22:30,599
16:22:33,602
16:22:36,597
16:22:39,600
16:22:42,595
16:22:45,599
16:22:48,604
16:22:51,601
16:22:54,597
16:22:57,597
16:23:00,597
16:23:03,597
16:23:06,596
16:23:09,600
16:23:12,604
16:23:16,598
16:23:19,596
16:23:22,598
16:23:25,597
16:23:28,597
16:23:31,597
16:23:34,595
16:23:37,601
16:23:40,597
16:23:43,599
16:23:46,603
16:23:49,598
16:23:52,599
16:23:55,598
16:23:58,595
16:24:01,605
16:24:04,598
16:24:07,597
16:24:10,598
16:24:13,598
16:24:16,601
16:24:19,598
16:24:22,598
16:24:25,587
16:24:28,598
16:24:31,602
16:24:34,606
16:24:37,603
16:24:40,603
16:24:43,602
16:24:46,600
16:24:49,601
16:24:52,603
16:24:55,595
16:24:58,602
16:25:01,598
16:25:04,598
16:25:07,603
16:25:10,602
16:25:13,598
16:25:16,593
16:25:19,597
16:25:22,597
16:25:25,599
16:25:28,601
16:25:31,601
16:25:34,604
16:25:37,596
16:25:40,598
16:25:43,600
16:25:46,593
16:25:49,592
16:25:52,593
16:25:55,595
16:25:58,590
16:26:01,587
16:26:04,586
16:26:08,585
16:26:11,583
16:26:14,586
16:26:17,582
16:26:20,582
16:26:23,582
16:26:26,583
16:26:29,582
16:26:32,580
16:26:35,580
16:26:38,578
16:26:41,579
16:26:44,575
16:26:47,573
16:26:50,576
16:26:53,577
16:26:56,577
16:26:59,575
16:27:02,576
16:27:05,577
16:27:08,576
16:27:11,570
16:27:14,574
16:27:17,576
16:27:20,574
16:27:23,572
16:27:26,574
16:27:29,576
16:27:32,577
16:27:35,572
16:27:38,574
16:27:41,575
16:27:44,574
16:27:47,575
16:27:50,570
16:27:53,572
16:27:56,572
16:27:59,570
16:28:02,571
16:28:05,571
16:28:08,573
16:28:11,572
16:28:14,572
16:28:17,577
16:28:20,568
16:28:23,572
16:28:26,573
16:28:29,574
16:28:32,573
16:28:35,571
16:28:38,570
16:28:41,572
16:28:44,572
16:28:47,569
16:28:50,572
16:28:53,571
16:28:57,573
16:29:00,574
16:29:03,571
16:29:06,572
16:29:09,572
16:29:12,573
16:29:15,572
16:29:18,571
16:29:21,568
16:29:24,570
16:29:27,575
16:29:30,573
16:29:33,572
16:29:36,571
16:29:39,571
16:29:42,572
16:29:45,571
16:29:48,573
16:29:51,571
16:29:54,571
16:29:57,567
16:30:00,573
16:30:03,574
16:30:06,572
16:30:09,570
16:30:12,571
16:30:15,570
16:30:18,569
16:30:21,571
16:30:24,570
16:30:27,571
16:30:30,571
16:30:33,572
16:30:36,572
16:30:39,568
16:30:42,568
16:30:45,570
16:30:48,567
16:30:51,574
16:30:54,568
16:30:57,573
16:31:00,571
16:31:03,574
16:31:06,576
16:31:09,570
16:31:12,571
16:31:15,569
16:31:18,566
16:31:21,572
16:31:24,572
16:31:27,569
16:31:30,571
16:31:33,570
16:31:36,571
16:31:39,571
16:31:42,572
16:31:46,571
16:31:49,571
16:31:52,569
16:31:55,573
16:31:58,571
16:32:01,572
16:32:04,573
16:32:07,568
16:32:10,570
16:32:13,569
16:32:16,568
16:32:19,568
16:32:22,550
16:32:25,550
16:32:28,543
16:32:31,0
16:32:34,237
16:32:37,542
16:32:40,568
16:32:43,569
16:32:46,570
16:32:49,575
16:32:52,569
16:32:55,572
16:32:58,574
16:33:01,568
16:33:04,546
16:33:07,576
16:33:10,561
16:33:13,164
16:33:16,440
16:33:19,450
16:33:22,452
16:33:25,453
16:33:28,463
16:33:31,453
16:33:34,452
16:33:37,450
16:33:40,446
16:33:43,457
16:33:46,454
16:33:49,454
16:33:52,456
16:33:55,450
16:33:58,449
16:34:01,454
16:34:04,442
16:34:07,438
16:34:10,438
16:34:13,427
16:34:16,452
16:34:19,452
16:34:22,432
16:34:25,422
16:34:28,411
16:34:32,426
16:34:35,426
16:34:38,416
16:34:41,422
16:34:44,416
16:34:47,422
16:34:50,406
16:34:53,417
16:34:56,415
16:34:59,399
16:35:02,413
16:35:05,404
16:35:08,406
16:35:11,396
16:35:14,409
16:35:17,407
16:35:20,390
16:35:23,400
16:35:26,395
16:35:29,399
16:35:32,405
16:35:35,395
16:35:38,377
16:35:41,251
16:35:44,61
16:35:47,26
16:35:50,78
16:35:53,307
16:35:56,360
16:35:59,281
16:36:02,433
16:36:05,360
16:36:08,360
16:36:11,368
16:36:14,358
16:36:17,461
16:36:20,463
16:36:23,471
16:36:26,472
16:36:29,469
16:36:32,462
16:36:35,489
16:36:38,485
16:36:41,486
16:36:44,484
16:36:47,488
16:36:50,490
16:36:53,485
16:36:56,478
16:36:59,487
16:37:02,487
16:37:05,480
16:37:08,481
16:37:11,480
16:37:14,486
16:37:17,496
16:37:20,480
16:37:23,485
16:37:27,484
16:37:30,478
16:37:33,481
16:37:36,489
16:37:39,484
16:37:42,478
16:37:45,483
16:37:48,480
16:37:51,474
16:37:54,487
16:37:57,479
16:38:00,484
16:38:03,483
16:38:06,485
16:38:09,478
16:38:12,479
16:38:15,479
16:38:18,480
16:38:21,480
16:38:24,478
16:38:27,481
16:38:30,485
16:38:33,480
16:38:36,478
16:38:39,482
16:38:42,486
16:38:45,488
16:38:48,478
16:38:51,480
16:38:54,478
16:38:57,482
16:39:00,478
16:39:03,485
16:39:06,478
16:39:09,486
16:39:12,480
16:39:15,484
16:39:18,482
16:39:21,485
16:39:24,478
16:39:27,479
16:39:30,484
16:39:33,475
16:39:36,483
16:39:39,476
16:39:42,485
16:39:45,473
16:39:48,477
16:39:51,485
16:39:54,479
16:39:57,475
16:40:00,479
16:40:03,482
16:40:06,481
16:40:09,476
16:40:13,481
16:40:16,482
16:40:19,481
16:40:22,477
16:40:25,485
16:40:28,481
16:40:31,484
16:40:34,484
16:40:37,475
16:40:40,480
16:40:43,482
16:40:46,479
16:40:49,478
16:40:52,485
16:40:55,480
16:40:58,484
16:41:01,478
16:41:04,482
16:41:07,482
16:41:10,478
16:41:13,476
16:41:16,484
16:41:19,471
16:41:22,477
16:41:25,486
16:41:28,476
16:41:31,483
16:41:34,484
16:41:37,482
16:41:40,477
16:41:43,476
16:41:46,476
16:41:49,474
16:41:52,476
16:41:55,484
16:41:58,484
16:42:01,485
16:42:04,485
16:42:07,484
16:42:10,486
16:42:13,482
16:42:16,477
16:42:19,484
16:42:22,477
16:42:25,483
16:42:28,477
16:42:31,474
16:42:34,475
16:42:37,477
16:42:40,472
16:42:43,484
16:42:46,484
16:42:49,483
16:42:52,476
16:42:55,490
16:42:58,485
16:43:01,484
16:43:04,472
16:43:08,481
16:43:11,481
16:43:14,485
16:43:17,482
16:43:20,471
16:43:23,474
16:43:26,480
16:43:29,484
16:43:32,482
16:43:35,483
16:43:38,489
16:43:41,471
16:43:44,471
16:43:47,478
16:43:50,481
16:43:53,483
16:43:56,469
16:43:59,481
16:44:02,487
16:44:05,478
16:44:08,484
16:44:11,486
16:44:14,479
16:44:17,480
16:44:20,486
16:44:23,473
16:44:26,483
16:44:29,486
16:44:32,477
16:44:35,484
16:44:38,477
16:44:41,485
16:44:44,481
16:44:47,485
16:44:50,477
16:44:53,485
16:44:56,485
16:44:59,484
16:45:02,480
16:45:05,484
16:45:08,478
16:45:11,488
16:45:14,474
16:45:17,481
16:45:20,487
16:45:23,477
16:45:26,481
16:45:29,483
16:45:32,486
16:45:35,473
16:45:38,485
16:45:41,483
16:45:44,481
16:45:47,482
16:45:50,476
16:45:54,483
16:45:57,474
16:46:00,482
16:46:03,483
16:46:06,481
16:46:09,490
16:46:12,480
16:46:15,481
16:46:18,475
16:46:21,484
16:46:24,472
16:46:27,478
16:46:30,472
16:46:33,476
16:46:36,475
16:46:39,478
16:46:42,483
16:46:45,482
16:46:48,483
16:46:51,473
16:46:54,480
16:46:57,478
16:47:00,482
16:47:03,482
16:47:06,476
16:47:09,480
16:47:12,481
16:47:15,481
16:47:18,484
16:47:21,476
16:47:24,476
16:47:27,467
16:47:30,474
16:47:33,474
16:47:36,474
16:47:39,479
16:47:42,484
16:47:45,475
16:47:48,481
16:47:51,473
16:47:54,478
16:47:57,484
16:48:00,477
16:48:03,482
16:48:06,467
16:48:09,480
16:48:12,479
16:48:15,481
16:48:18,476
16:48:21,472
16:48:24,478
16:48:27,481
16:48:30,477
16:48:33,481
16:48:36,478
16:48:39,474
16:48:42,473
16:48:45,479
16:48:49,475
16:48:52,482
16:48:55,477
16:48:58,480
16:49:01,478
16:49:04,477
16:49:07,471
16:49:10,472
16:49:13,480
16:49:16,470
16:49:19,477
16:49:22,480
16:49:25,474
16:49:28,483
16:49:31,474
16:49:34,470
16:49:37,471
16:49:40,476
16:49:43,480
16:49:46,474
16:49:49,476
16:49:52,484
16:49:55,473
16:49:58,476
16:50:01,479
16:50:04,471
16:50:07,484
16:50:10,473
16:50:13,479
16:50:16,476
16:50:19,472
16:50:22,480
16:50:25,473
16:50:28,481
16:50:31,479
16:50:34,479
16:50:37,463
16:50:40,474
16:50:43,472
16:50:46,474
16:50:49,472
16:50:52,470
16:50:55,471
16:50:58,477
16:51:01,469
16:51:04,479
16:51:07,468
16:51:10,475
16:51:13,475
16:51:16,475
16:51:19,480
16:51:22,471
16:51:25,472
16:51:28,474
16:51:31,468
16:51:35,474
16:51:38,465
16:51:41,469
16:51:44,470
16:51:47,469
16:51:50,475
16:51:53,470
16:51:56,476
16:51:59,471
16:52:02,499
16:52:05,0
16:52:08,605
16:52:11,526
16:52:14,505
16:52:17,186
16:52:20,495
16:52:23,497
16:52:26,491
16:52:29,448
16:52:32,450
16:52:35,451
16:52:38,456
16:52:41,449
16:52:44,451
16:52:47,458
16:52:50,463
16:52:53,464
16:52:56,465
16:52:59,463
16:53:02,463
16:53:05,461
16:53:08,469
16:53:11,465
16:53:14,470
16:53:17,469
16:53:20,463
16:53:23,469
16:53:26,466
16:53:29,470
16:53:32,469
16:53:35,470
16:53:38,472
16:53:41,473
16:53:44,473
16:53:47,468
16:53:50,470
16:53:53,470
16:53:56,472
16:53:59,475
16:54:02,464
16:54:05,474
16:54:08,467
16:54:11,463
16:54:14,466
16:54:17,463
16:54:20,472
16:54:23,471
16:54:26,463
16:54:30,467
16:54:33,468
16:54:36,469
16:54:39,457
16:54:42,464
16:54:45,459
16:54:48,473
16:54:51,466
16:54:54,467
16:54:57,464
16:55:00,459
16:55:03,460
16:55:06,458
16:55:09,457
16:55:12,455
16:55:15,458
16:55:18,457
16:55:21,466
16:55:24,460
16:55:27,465
16:55:30,469
16:55:33,461
16:55:36,463
16:55:39,461
16:55:42,460
16:55:45,463
16:55:48,461
16:55:51,461
16:55:54,467
16:55:57,468
16:56:00,458
16:56:03,468
16:56:06,461
16:56:09,469
16:56:12,461
16:56:15,473
16:56:18,463
16:56:21,469
16:56:24,465
16:56:27,463
16:56:30,471
16:56:33,459
16:56:36,472
16:56:39,468
16:56:42,467
16:56:45,469
16:56:48,464
16:56:51,466
16:56:54,463
16:56:57,469
16:57:00,470
16:57:03,469
16:57:06,473
16:57:09,470
16:57:12,468
16:57:15,462
16:57:19,468
16:57:22,463
16:57:25,464
16:57:28,468
16:57:31,470
16:57:34,475
16:57:37,464
16:57:40,473
16:57:43,458
16:57:46,471
16:57:49,458
16:57:52,469
16:57:55,464
16:57:58,477
16:58:01,467
16:58:04,482
16:58:07,471
16:58:10,464
16:58:13,471
16:58:16,463
16:58:19,467
16:58:22,476
16:58:25,466
16:58:28,465
16:58:31,464
16:58:34,467
16:58:37,467
16:58:40,453
16:58:43,468
16:58:46,467
16:58:49,469
16:58:52,464
16:58:55,461
16:58:58,467
16:59:01,471
16:59:04,467
16:59:07,471
16:59:10,477
16:59:13,471
16:59:16,472
16:59:19,472
16:59:22,464
16:59:25,474
16:59:28,467
16:59:31,464
16:59:34,464
16:59:37,473
16:59:40,471
16:59:43,469
16:59:46,473
16:59:49,470
16:59:52,464
16:59:55,473
16:59:58,471
17:00:01,468
17:00:04,470
17:00:07,465
17:00:10,464
17:00:14,471
17:00:17,475
17:00:20,478
17:00:23,477
17:00:26,478
17:00:29,476
17:00:32,473
17:00:35,475
17:00:38,473
17:00:41,474
17:00:44,474
17:00:47,474
17:00:50,474
17:00:53,476
17:00:56,470
17:00:59,474
17:01:02,468
17:01:05,474
17:01:08,474
17:01:11,471
17:01:14,466
17:01:17,471
17:01:20,471
17:01:23,457
17:01:26,472
17:01:29,476
17:01:32,476
17:01:35,478
17:01:38,467
17:01:41,472
17:01:44,472
17:01:47,468
17:01:50,474
17:01:53,471
17:01:56,481
17:01:59,469
17:02:02,473
17:02:05,467
17:02:08,474
17:02:11,462
17:02:14,466
17:02:17,472
17:02:20,474
17:02:23,473
17:02:26,467
17:02:29,474
17:02:32,472
17:02:35,474
17:02:38,474
17:02:41,476
17:02:44,473
17:02:47,471
17:02:50,466
17:02:53,467
17:02:56,471
17:02:59,477
17:03:02,475
17:03:06,475
17:03:09,477
17:03:12,477
17:03:15,475
17:03:18,470
17:03:21,474
17:03:24,476
17:03:27,467
17:03:30,465
17:03:33,473
17:03:36,475
17:03:39,473
17:03:42,469
17:03:45,470
17:03:48,468
17:03:51,474
17:03:54,473
17:03:57,476
17:04:00,467
17:04:03,477
17:04:06,481
17:04:09,477
17:04:12,470
17:04:15,475
17:04:18,468
17:04:21,477
17:04:24,472
17:04:27,475
17:04:30,467
17:04:33,478
17:04:36,478
17:04:39,475
17:04:42,468
17:04:45,470
17:04:48,480
17:04:51,479
17:04:54,467
17:04:57,469
17:05:00,477
17:05:03,473
17:05:06,482
17:05:09,467
17:05:12,474
17:05:15,482
17:05:18,480
17:05:21,465
17:05:24,473
17:05:27,470
17:05:30,474
17:05:33,473
17:05:36,479
17:05:39,470
17:05:42,474
17:05:45,476
17:05:48,478
17:05:52,478
17:05:55,478
17:05:58,467
17:06:01,475
17:06:04,474
17:06:07,481
17:06:10,476
17:06:13,471
17:06:16,475
17:06:19,472
17:06:22,468
17:06:25,474
17:06:28,476
17:06:31,478
17:06:34,481
17:06:37,468
17:06:40,466
17:06:43,477
17:06:46,462
17:06:49,479
17:06:52,474
17:06:55,471
17:06:58,479
17:07:01,475
17:07:04,476
17:07:07,479
17:07:10,481
17:07:13,322
17:07:16,402
17:07:19,416
17:07:22,412
17:07:25,417
17:07:28,422
17:07:31,420
17:07:34,424
17:07:37,408
17:07:40,419
17:07:43,419
17:07:46,417
17:07:49,421
17:07:52,413
17:07:55,421
17:07:58,427
17:08:01,420
17:08:04,415
17:08:07,406
17:08:10,412
17:08:13,420
17:08:16,413
17:08:19,419
17:08:22,404
17:08:25,406
17:08:28,409
17:08:31,397
17:08:34,410
17:08:37,483
17:08:40,264
17:08:44,255
17:08:47,243
17:08:50,235
17:08:53,240
17:08:56,245
17:08:59,232
17:09:02,237
17:09:05,237
17:09:08,227
17:09:11,217
17:09:14,228
17:09:17,218
17:09:20,207
17:09:23,198
17:09:26,207
17:09:29,205
17:09:32,195
17:09:35,197
17:09:38,199
17:09:41,192
17:09:44,205
17:09:47,194
17:09:50,190
17:09:53,186
17:09:56,192
17:09:59,194
17:10:02,184
17:10:05,183
17:10:08,187
17:10:11,194
17:10:14,183
